[
  {
    "model" : "alert.Level",
    "pk": 1,
    "fields" : {
      "description" : "UNSET",
      "priority" : 0
    }
  },
  {
    "model" : "alert.Level",
    "pk": 2,
    "fields" : {
      "description" : "INFO",
      "priority" : 10
    }
  },
  {
    "model" : "alert.Level",
    "pk": 3,
    "fields" : {
      "description" : "NOTIFY",
      "priority" : 20
    }
  },
  {
    "model" : "alert.Level",
    "pk": 4,
    "fields" : {
      "description" : "WARN",
      "priority" : 30
    }
  },
  {
    "model" : "alert.Level",
    "pk": 5,
    "fields" : {
      "description" : "ERROR",
      "priority" : 40
    }
  },
  {
    "model" : "alert.Level",
    "pk": 6,
    "fields" : {
      "description" : "CRITICAL",
      "priority" : 50
    }
  },
  {
    "model" : "alert.Action",
    "pk" : 1,
    "fields" : {
      "name" : "Default e-mail template",
      "template" : "{% if setting %}\nThe following streams now have an alarm set:\n============================\n{% for o in setting %} \nat {{o.AlertTime}}:\n   value {{o.AlertValue}}{{o.Properties.UnitofMeasure}}\n   {{o.Metadata.SourceName}}{{o.Path}}\n   http://new.openbms.org/plot/?streamids={{o.uuid}}\n{% endfor %}{% endif %}\n{% if clearing %}\nThe following streams had an alarm cleared:\n============================\n{% for o in clearing %} \nat {{o.AlertTime}}:\n   value {{o.AlertValue}}{{o.Properties.UnitofMeasure}}\n   {{o.Metadata.SourceName}}{{o.Path}}\n   http://new.openbms.org/plot/?streamids={{o.uuid}}\n{% endfor %}{% endif %}\nYou can view the full text of this alert at {{permalink}} \nThis alert generated by {{alarmpage}} ({{alarm|safe}}).\nThis message automatically generated at {{timestamp}}."
    }
  }
]
